Jv,Ja,nse_prof
0.201,0.7010000000000001,0.9605295545775505
Datetime,-14.0m,-14.5m,-15.0m,-15.5m,-16.0m,-16.5m,-17.0m
2019-04-17,NaN,NaN,NaN,NaN,NaN,NaN,NaN
2019-04-18,NaN,NaN,NaN,NaN,NaN,NaN,NaN
2019-04-19,NaN,NaN,NaN,NaN,NaN,NaN,NaN
2019-04-20,NaN,NaN,NaN,NaN,NaN,NaN,NaN
2019-04-21,NaN,NaN,NaN,NaN,NaN,NaN,NaN
2019-04-22,NaN,NaN,NaN,NaN,NaN,NaN,NaN
2019-04-23,NaN,NaN,NaN,NaN,NaN,NaN,NaN
2019-04-24,NaN,NaN,NaN,NaN,NaN,NaN,NaN
2019-04-25,NaN,NaN,NaN,NaN,NaN,NaN,NaN
2019-04-26,NaN,NaN,NaN,NaN,NaN,NaN,NaN
2019-04-27,NaN,NaN,NaN,NaN,NaN,NaN,NaN
2019-04-28,NaN,NaN,NaN,NaN,NaN,NaN,NaN
2019-04-29,NaN,NaN,NaN,NaN,NaN,NaN,NaN
2019-04-30,NaN,NaN,NaN,NaN,NaN,NaN,NaN
2019-05-01,NaN,NaN,NaN,NaN,NaN,NaN,NaN
2019-05-02,NaN,NaN,NaN,NaN,NaN,NaN,NaN
2019-05-03,NaN,NaN,NaN,NaN,NaN,NaN,NaN
2019-05-04,NaN,NaN,NaN,NaN,NaN,NaN,NaN
2019-05-05,NaN,NaN,NaN,NaN,NaN,NaN,NaN
2019-05-06,NaN,NaN,NaN,NaN,NaN,NaN,NaN
2019-05-07,NaN,NaN,NaN,NaN,NaN,NaN,NaN
2019-05-08,NaN,NaN,NaN,NaN,NaN,NaN,NaN
2019-05-09,NaN,NaN,NaN,NaN,NaN,NaN,NaN
2019-05-10,NaN,NaN,NaN,NaN,NaN,NaN,NaN
2019-05-11,NaN,NaN,NaN,NaN,NaN,NaN,NaN
2019-05-12,NaN,NaN,NaN,NaN,NaN,NaN,NaN
2019-05-13,NaN,NaN,NaN,NaN,NaN,NaN,NaN
2019-05-14,NaN,NaN,NaN,NaN,NaN,NaN,NaN
2019-05-15,11.540980030962787,11.542776913456146,11.54418284023775,11.544203827181917,11.541582613954557,11.53627507195425,11.531676634815367
2019-05-16,11.358421712359444,11.35624492086604,11.352864249923448,11.348644917368391,11.341010563171317,11.329771512849124,11.318925876877692
2019-05-17,11.17778103907514,11.173825994943012,11.168225815271384,11.162027292320568,11.152101061397339,11.138266506497347,11.124773416891946
2019-05-18,10.99785980184151,10.99309832789157,10.98651798300448,10.979463304966561,10.968565281182178,10.95364899085431,10.939063662211252
2019-05-19,10.817989656917282,10.812634186836501,10.805407983438961,10.797832405809075,10.786392551518805,10.770905031789374,10.755763622798334
2019-05-20,10.638360357867692,10.632599582261102,10.624912261986141,10.61695728805454,10.605097632899295,10.589142722720686,10.573534656059465
2019-05-21,10.459027360436387,10.45310192450273,10.445175557449879,10.436985132260897,10.424827705548488,10.408512884406425,10.392540002888097
2019-05-22,10.279743429931726,10.27377102329319,10.265777157636814,10.257519662739568,10.245270771785723,10.228839079851538,10.212736125677637
2019-05-23,10.100530217515972,10.094565835813126,10.086561008684662,10.078279474402263,10.065992608325642,10.049518466061519,10.03337097007205
2019-05-24,9.92121379412833,9.915173393434369,9.907076974113972,9.898715662731536,9.88633668456922,9.869758292533872,9.853508230313839
2019-05-25,9.741322774888244,9.734792488850184,9.726268461301085,9.717638316365196,9.705025357082512,9.688221062627019,9.671791635878899
2019-05-26,9.56194092976454,9.555166018180898,9.54629276369872,9.537328269407114,9.52431919241816,9.507064941783925,9.490184813707469
2019-05-27,9.382341169179433,9.375234344057954,9.36600295925462,9.356739829531824,9.34339227941444,9.325748036210491,9.308472762616981
2019-05-28,9.202659370112176,9.195092491100322,9.185332278841512,9.175627938921881,9.161786451177312,9.143592379135667,9.125790238949598
2019-05-29,9.007438489645798,8.990691814853088,8.97436608817918,8.957693361236721,8.927707145373866,8.882792215845399,8.845174140940077
2019-05-30,8.806314413294817,8.770526016063723,8.736709314636819,8.707273362585008,8.664533483507435,8.606424500388393,8.55911181951251
2019-05-31,8.620725370720779,8.575340892206874,8.530101439386536,8.487704678774072,8.42995685448684,8.353409978182912,8.285655110928284
2019-06-01,8.432849730513304,8.378489187947192,8.321183998767923,8.266584476159075,8.195651073581818,8.104384362689965,8.021459591840056
2019-06-02,8.250574722776634,8.187676289955279,8.117113683453153,8.050171767301872,7.967638401301134,7.863947229190461,7.7681360761184415
2019-06-03,8.071077450212778,8.000346921260856,7.917334098385697,7.838815351018551,7.74547141583501,7.631019091732759,7.524508747462751
2019-06-04,7.884262106576742,7.8043589576164205,7.709225952427117,7.619169889791457,7.514580893965249,7.388198837846881,7.270436093703833
2019-06-05,7.699936296637388,7.611383191317697,7.504511904800881,7.403683092096777,7.289021257217339,7.152610292882147,7.02484862866946
2019-06-06,7.515382118428387,7.41846820311916,7.300425645652737,7.189198759971736,7.064450315533672,6.917319864735356,6.779127563624159
2019-06-07,7.330600985173134,7.226106302316282,7.0981731455082455,6.977897662718796,6.844888280118526,6.689715054085776,6.543714840251543
2019-06-08,7.145861368011727,7.033638526433051,6.895874627020155,6.766891440853355,6.625937964346842,6.4625071416208515,6.308397012642278
2019-06-09,6.959880678096455,6.839865001222286,6.692883955773544,6.555968722969994,6.407777253546009,6.237113841671067,6.076238395499908
2019-06-10,6.777123460151502,6.650636987842186,6.495084789047506,6.350498881512007,6.1953120862401,6.0176248068894225,5.849594950725692
2019-06-11,6.591763889998712,6.457960254181632,6.293522340681868,6.141318546270025,5.979078778134013,5.7941092288282565,5.61914504059714
2019-06-12,6.3833009263596905,6.2378056037726894,6.086270604957007,5.927731021396472,5.753291532580426,5.555141671776258,5.361953640522015
2019-06-13,6.183958510238494,6.026085746196327,5.869775534799504,5.703988633201304,5.518599843049175,5.306994565746259,5.098723374612885
2019-06-14,5.988532603362348,5.819301483784143,5.654976603348637,5.481500124125782,5.2873155288691045,5.065303662907648,4.845096111353647
2019-06-15,5.7998766791031215,5.61899604985526,5.444078536228001,5.260570333182167,5.056452232786887,4.823457894463608,4.591346796386255
2019-06-16,5.611081110046786,5.419457981673295,5.234139143610298,5.040401632145069,4.826643155300568,4.58377121618779,4.341424366985391
2019-06-17,5.419608643467971,5.218414865702697,5.024278071611664,4.822136714244146,4.600558936348625,4.350047549650406,4.099649638319479
2019-06-18,5.232655527640333,5.021824956964734,4.818545574512631,4.607596534621922,4.378244412682387,4.120063533594897,3.8614464540885907
2019-06-19,5.046254631730406,4.825976807061686,4.613293371423593,4.393302792444206,4.155678381669789,3.8894959990455877,3.6230392258056425
2019-06-20,4.859545660382301,4.631086053348979,4.410351931886756,4.18243635525684,3.9375870020921258,3.664432573087462,3.3906389190926762
2019-06-21,4.656732205247714,4.422437098924296,4.200356009411268,3.9705030965815453,3.721708795777046,3.443726684478172,3.164355106458878
2019-06-22,4.474458653403716,4.228038852723789,3.994408346261813,3.755703370624015,3.500889720881089,3.2177598054010024,2.9336323894338765
2019-06-23,4.2876956966922135,4.030653599584667,3.7866082436465707,3.5385202515343432,3.2761270170546397,2.986168400003061,2.6960733947938573
2019-06-24,4.099774809944045,3.833478581627482,3.580621143071493,3.324528108948621,3.0553906209392454,2.758916192297667,2.461905540989061
2019-06-25,3.909067526445512,3.6347957119709617,3.375511311835378,3.1136674453818594,2.8396560941863322,2.5381771474759787,2.235557277613642
2019-06-26,3.722684730844587,3.439632089789471,3.1723387787739745,2.903097359779122,2.622737254326714,2.315186342850679,2.006496920097639
2019-06-27,3.537948151691737,3.248048706855968,2.9737292217467157,2.6983349328843746,2.412531922699659,2.100026866143477,1.786004951411957
2019-06-28,3.3552325409715933,3.059259389273412,2.778242104328393,2.4956509459803295,2.2035933715442453,1.8855164767614332,1.5660609387084587
2019-06-29,3.1700706669000343,2.868124476765982,2.581260900180793,2.292891268403218,1.9951826338064795,1.6716344523601294,1.3468193526424221
2019-06-30,2.986876216713078,2.6793110423406343,2.385835219538702,2.0904557558670045,1.7866141340944248,1.457814670690836,1.1284349132783855
2019-07-01,NaN,NaN,NaN,NaN,NaN,NaN,NaN
2019-07-02,NaN,NaN,NaN,NaN,NaN,NaN,NaN
2019-07-03,NaN,NaN,NaN,NaN,NaN,NaN,NaN
2019-07-04,NaN,NaN,NaN,NaN,NaN,NaN,NaN
2019-07-05,NaN,NaN,NaN,NaN,NaN,NaN,NaN
2019-07-06,NaN,NaN,NaN,NaN,NaN,NaN,NaN
2019-07-07,NaN,NaN,NaN,NaN,NaN,NaN,NaN
2019-07-08,NaN,NaN,NaN,NaN,NaN,NaN,NaN
2019-07-09,NaN,NaN,NaN,NaN,NaN,NaN,NaN
2019-07-10,NaN,NaN,NaN,NaN,NaN,NaN,NaN
2019-07-11,NaN,NaN,NaN,NaN,NaN,NaN,NaN
2019-07-12,4.720511295135048,4.722062153163123,4.726862893566151,4.728088572666076,4.69586485682968,4.621437693934329,4.6374081799072115
2019-07-13,4.376516310172539,4.3698576745596345,4.369934115358716,4.358355759528222,4.287141101099854,4.143482297016682,4.103346880461747
2019-07-14,4.037163036282615,4.018998736472399,4.0112231936464235,3.98504504132061,3.881578920023744,3.6839123163612877,3.5783292483542883
2019-07-15,3.7049403659730475,3.6726968962011366,3.6540422025498476,3.611537306921597,3.4794489124406107,3.2353492115314038,3.060206502350172
2019-07-16,3.36819146974809,3.3188141780954066,3.287113570200811,3.226935428718073,3.0668513290950137,2.7775166894654664,2.5313526381322577
2019-07-17,3.035884052969847,2.9674608219348637,2.920693307631715,2.8423704949451247,2.657245978454764,2.327201482575238,2.0071343661447503
2019-07-18,2.7094829285623554,2.6206673493471637,2.557273082905316,2.4608264450561426,2.253069458033907,1.88691224210954,1.4928897526194362
2019-07-19,2.385353506960282,2.2757028346326242,2.1947475933117424,2.0796331817351357,1.8489992423976649,1.4456864688601803,0.9774207104382356
2019-07-20,2.0625847669756743,1.932111342900423,1.8339110667640528,1.701107972857848,1.4499456081173672,1.0145449517714822,0.48125979975026034
2019-07-21,1.743560991776774,1.591961957980707,1.4755576605789684,1.32435490052236,1.0523752421895893,0.5831498117899443,0.0
2019-07-22,1.413701434225694,1.2403744139601547,1.1057652131137403,0.936327376852409,0.6435493919097176,0.14124519052249754,0.0
2019-07-23,1.094351392056657,0.8977644204601518,0.743836454497567,0.556953012391905,0.2522500251023208,0.0,0.0
2019-07-24,0.7744079598328056,0.555720014481974,0.3848652639394279,0.1881106846108125,0.0,0.0,0.0
2019-07-25,0.4544866197184042,0.2157694260087978,0.03374104022068636,0.0,0.0,0.0,0.0
2019-07-26,0.37332019232877156,0.03488145118761428,0.0,0.0,0.0,0.0,0.0
2019-07-27,0.2067620207946399,0.0,0.0,0.0,0.0,0.0,0.0
2019-07-28,0.022352753463731605,0.0,0.0,0.0,0.0,0.0,0.0
2019-07-29,0.0,0.0,0.0,0.0,0.0,0.0,0.0
2019-07-30,0.0,0.0,0.0,0.0,0.0,0.0,0.0
2019-07-31,0.0,0.0,0.0,0.0,0.0,0.0,0.0
2019-08-01,0.0,0.0,0.0,0.0,0.0,0.0,0.0
2019-08-02,0.0,0.0,0.0,0.0,0.0,0.0,0.0
2019-08-03,0.0,0.0,0.0,0.0,0.0,0.0,0.0
2019-08-04,0.0,0.0,0.0,0.0,0.0,0.0,0.0
2019-08-05,0.0,0.0,0.0,0.0,0.0,0.0,0.0
2019-08-06,0.0,0.0,0.0,0.0,0.0,0.0,0.0
2019-08-07,0.0,0.0,0.0,0.0,0.0,0.0,0.0
2019-08-08,0.0,0.0,0.0,0.0,0.0,0.0,0.0
2019-08-09,0.0,0.0,0.0,0.0,0.0,0.0,0.0
2019-08-10,0.0,0.0,0.0,0.0,0.0,0.0,0.0
2019-08-11,0.0,0.0,0.0,0.0,0.0,0.0,0.0
2019-08-12,0.0,0.0,0.0,0.0,0.0,0.0,0.0
2019-08-13,0.0,0.0,0.0,0.0,0.0,0.0,0.0
2019-08-14,0.0,0.0,0.0,0.0,0.0,0.0,0.0
2019-08-15,0.0,0.0,0.0,0.0,0.0,0.0,0.0
2019-08-16,0.0,0.0,0.0,0.0,0.0,0.0,0.0
2019-08-17,0.0,0.0,0.0,0.0,0.0,0.0,0.0
2019-08-18,0.0,0.0,0.0,0.0,0.0,0.0,0.0
2019-08-19,0.0,0.0,0.0,0.0,0.0,0.0,0.0
2019-08-20,0.0,0.0,0.0,0.0,0.0,0.0,0.0
2019-08-21,0.0,0.0,0.0,0.0,0.0,0.0,0.0
2019-08-22,0.0,0.0,0.0,0.0,0.0,0.0,0.0
2019-08-23,0.0,0.0,0.0,0.0,0.0,0.0,0.0
2019-08-24,0.0,0.0,0.0,0.0,0.0,0.0,0.0
2019-08-25,0.0,0.0,0.0,0.0,0.0,0.0,0.0
2019-08-26,0.0,0.0,0.0,0.0,0.0,0.0,0.0
2019-08-27,0.0,0.0,0.0,0.0,0.0,0.0,0.0
2019-08-28,0.0,0.0,0.0,0.0,0.0,0.0,0.0
2019-08-29,0.0,0.0,0.0,0.0,0.0,0.0,0.0
2019-08-30,0.0,0.0,0.0,0.0,0.0,0.0,0.0
2019-08-31,NaN,NaN,NaN,NaN,NaN,NaN,NaN
2019-09-01,NaN,NaN,NaN,NaN,NaN,NaN,NaN
2019-09-02,NaN,NaN,NaN,NaN,NaN,NaN,NaN
2019-09-03,NaN,NaN,NaN,NaN,NaN,NaN,NaN
2019-09-04,NaN,NaN,NaN,NaN,NaN,NaN,NaN
2019-09-05,NaN,NaN,NaN,NaN,NaN,NaN,NaN
2019-09-06,NaN,NaN,NaN,NaN,NaN,NaN,NaN
2019-09-07,NaN,NaN,NaN,NaN,NaN,NaN,NaN
2019-09-08,NaN,NaN,NaN,NaN,NaN,NaN,NaN
2019-09-09,NaN,NaN,NaN,NaN,NaN,NaN,NaN
2019-09-10,NaN,NaN,NaN,NaN,NaN,NaN,NaN
2019-09-11,NaN,NaN,NaN,NaN,NaN,NaN,NaN
2019-09-12,NaN,NaN,NaN,NaN,NaN,NaN,NaN
2019-09-13,NaN,NaN,NaN,NaN,NaN,NaN,NaN
2019-09-14,NaN,NaN,NaN,NaN,NaN,NaN,NaN
2019-09-15,NaN,NaN,NaN,NaN,NaN,NaN,NaN
2019-09-16,NaN,NaN,NaN,NaN,NaN,NaN,NaN
2019-09-17,NaN,NaN,NaN,NaN,NaN,NaN,NaN
2019-09-18,NaN,NaN,NaN,NaN,NaN,NaN,NaN
2019-09-19,NaN,NaN,NaN,NaN,NaN,NaN,NaN
2019-09-20,NaN,NaN,NaN,NaN,NaN,NaN,NaN
2019-09-21,NaN,NaN,NaN,NaN,NaN,NaN,NaN
2019-09-22,NaN,NaN,NaN,NaN,NaN,NaN,NaN
2019-09-23,NaN,NaN,NaN,NaN,NaN,NaN,NaN
2019-09-24,NaN,NaN,NaN,NaN,NaN,NaN,NaN
2019-09-25,NaN,NaN,NaN,NaN,NaN,NaN,NaN
2019-09-26,NaN,NaN,NaN,NaN,NaN,NaN,NaN
2020-03-06,NaN,NaN,NaN,NaN,NaN,NaN,NaN
2020-03-07,NaN,NaN,NaN,NaN,NaN,NaN,NaN
2020-03-08,NaN,NaN,NaN,NaN,NaN,NaN,NaN
2020-03-09,NaN,NaN,NaN,NaN,NaN,NaN,NaN
2020-03-10,NaN,NaN,NaN,NaN,NaN,NaN,NaN
2020-03-11,NaN,NaN,NaN,NaN,NaN,NaN,NaN
2020-03-12,NaN,NaN,NaN,NaN,NaN,NaN,NaN
2020-03-13,NaN,NaN,NaN,NaN,NaN,NaN,NaN
2020-03-14,NaN,NaN,NaN,NaN,NaN,NaN,NaN
2020-03-15,NaN,NaN,NaN,NaN,NaN,NaN,NaN
2020-03-16,NaN,NaN,NaN,NaN,NaN,NaN,NaN
2020-03-17,NaN,NaN,NaN,NaN,NaN,NaN,NaN
2020-03-18,NaN,NaN,NaN,NaN,NaN,NaN,NaN
2020-03-19,NaN,NaN,NaN,NaN,NaN,NaN,NaN
2020-03-20,NaN,NaN,NaN,NaN,NaN,NaN,NaN
2020-03-21,NaN,NaN,NaN,NaN,NaN,NaN,NaN
2020-03-22,NaN,NaN,NaN,NaN,NaN,NaN,NaN
2020-03-23,NaN,NaN,NaN,NaN,NaN,NaN,NaN
2020-03-24,NaN,NaN,NaN,NaN,NaN,NaN,NaN
2020-03-25,NaN,NaN,NaN,NaN,NaN,NaN,NaN
2020-03-26,NaN,NaN,NaN,NaN,NaN,NaN,NaN
2020-03-27,NaN,NaN,NaN,NaN,NaN,NaN,NaN
2020-03-28,NaN,NaN,NaN,NaN,NaN,NaN,NaN
2020-03-29,NaN,NaN,NaN,NaN,NaN,NaN,NaN
2020-03-30,NaN,NaN,NaN,NaN,NaN,NaN,NaN
2020-03-31,NaN,NaN,NaN,NaN,NaN,NaN,NaN
2020-04-01,NaN,NaN,NaN,NaN,NaN,NaN,NaN
2020-04-02,NaN,NaN,NaN,NaN,NaN,NaN,NaN
2020-04-03,NaN,NaN,NaN,NaN,NaN,NaN,NaN
2020-04-04,NaN,NaN,NaN,NaN,NaN,NaN,NaN
2020-04-05,NaN,NaN,NaN,NaN,NaN,NaN,NaN
2020-04-06,NaN,NaN,NaN,NaN,NaN,NaN,NaN
2020-04-07,NaN,NaN,NaN,NaN,NaN,NaN,NaN
2020-04-08,NaN,NaN,NaN,NaN,NaN,NaN,NaN
2020-04-09,NaN,NaN,NaN,NaN,NaN,NaN,NaN
2020-04-10,NaN,NaN,NaN,NaN,NaN,NaN,NaN
2020-04-11,NaN,NaN,NaN,NaN,NaN,NaN,NaN
2020-04-12,NaN,NaN,NaN,NaN,NaN,NaN,NaN
2020-04-13,NaN,NaN,NaN,NaN,NaN,NaN,NaN
2020-04-14,NaN,NaN,NaN,NaN,NaN,NaN,NaN
2020-04-15,NaN,NaN,NaN,NaN,NaN,NaN,NaN
2020-04-16,NaN,NaN,NaN,NaN,NaN,NaN,NaN
2020-04-17,NaN,NaN,NaN,NaN,NaN,NaN,NaN
2020-04-18,NaN,NaN,NaN,NaN,NaN,NaN,NaN
2020-04-19,NaN,NaN,NaN,NaN,NaN,NaN,NaN
2020-04-20,NaN,NaN,NaN,NaN,NaN,NaN,NaN
2020-04-21,NaN,NaN,NaN,NaN,NaN,NaN,NaN
2020-04-22,NaN,NaN,NaN,NaN,NaN,NaN,NaN
2020-04-23,NaN,NaN,NaN,NaN,NaN,NaN,NaN
2020-04-24,NaN,NaN,NaN,NaN,NaN,NaN,NaN
2020-04-25,NaN,NaN,NaN,NaN,NaN,NaN,NaN
2020-04-26,NaN,NaN,NaN,NaN,NaN,NaN,NaN
2020-04-27,NaN,NaN,NaN,NaN,NaN,NaN,NaN
2020-04-28,NaN,NaN,NaN,NaN,NaN,NaN,NaN
2020-04-29,NaN,NaN,NaN,NaN,NaN,NaN,NaN
2020-04-30,NaN,NaN,NaN,NaN,NaN,NaN,NaN
2020-05-01,NaN,NaN,NaN,NaN,NaN,NaN,NaN
2020-05-02,NaN,NaN,NaN,NaN,NaN,NaN,NaN
2020-05-03,NaN,NaN,NaN,NaN,NaN,NaN,NaN
2020-05-04,NaN,NaN,NaN,NaN,NaN,NaN,NaN
2020-05-05,NaN,NaN,NaN,NaN,NaN,NaN,NaN
2020-05-06,NaN,NaN,NaN,NaN,NaN,NaN,NaN
2020-05-07,NaN,NaN,NaN,NaN,NaN,NaN,NaN
2020-05-08,NaN,NaN,NaN,NaN,NaN,NaN,NaN
2020-05-09,NaN,NaN,NaN,NaN,NaN,NaN,NaN
2020-05-10,NaN,NaN,NaN,NaN,NaN,NaN,NaN
2020-05-11,NaN,NaN,NaN,NaN,NaN,NaN,NaN
2020-05-12,NaN,NaN,NaN,NaN,NaN,NaN,NaN
2020-05-13,NaN,NaN,NaN,NaN,NaN,NaN,NaN
2020-05-14,NaN,NaN,NaN,NaN,NaN,NaN,NaN
2020-05-15,NaN,NaN,NaN,NaN,NaN,NaN,NaN
2020-05-16,NaN,NaN,NaN,NaN,NaN,NaN,NaN
2020-05-17,NaN,NaN,NaN,NaN,NaN,NaN,NaN
2020-05-18,NaN,NaN,NaN,NaN,NaN,NaN,NaN
2020-05-19,NaN,NaN,NaN,NaN,NaN,NaN,NaN
2020-05-20,NaN,NaN,NaN,NaN,NaN,NaN,NaN
2020-05-21,NaN,NaN,NaN,NaN,NaN,NaN,NaN
2020-05-22,11.338093883570325,11.342381412840595,11.345222628977861,11.34466102911142,11.334014290962713,11.313886621505377,11.298741402990494
2020-05-23,11.150254334588645,11.14688291913427,11.14178318148355,11.132013606866783,11.107988866106137,11.070944724107218,11.038568026703059
2020-05-24,10.96369366000347,10.953617134480504,10.94123689007174,10.923559672475818,10.889308299551514,10.84047555806879,10.796119882432249
2020-05-25,10.776557672820974,10.7599233743899,10.740837156125627,10.716268980935837,10.673594132391372,10.615441723184738,10.561904336074026
2020-05-26,10.589111068746307,10.565979927611437,10.54044085423002,10.509400606199366,10.459073296200724,10.392686602182108,10.331253641363404
2020-05-27,10.404389473612307,10.3762854087948,10.3454061017634,10.308926932520889,10.252315328452946,10.179347884751316,10.111425096650265
2020-05-28,10.21957642580634,10.187249753810834,10.152049776829507,10.111228149111787,10.049613164000295,9.971428111666338,9.898401204092258
2020-05-29,10.036162234281527,10.00054433182293,9.961905539333097,9.91760575726911,9.85201751159072,9.76967809326914,9.692587308442794
2020-05-30,9.854063865155698,9.816082083265226,9.774748249558366,9.727643998057586,9.658820490289214,9.573138830248787,9.492758531072267
2020-05-31,9.671233331973228,9.630988564886831,9.587365810920666,9.537961001057507,9.466481492756985,9.377977233583733,9.294874719538205
2020-06-01,9.488833027012983,9.446562932418733,9.400913129846764,9.34950865689967,9.27570962170605,9.18480547837544,9.099389492755916
2020-06-02,9.306384510629837,9.262128202110329,9.214447273403438,9.16103169627284,9.084902021772088,8.991531001412968,8.903795251054218
2020-06-03,9.122930820334078,9.076424256843833,9.02674908454417,8.971486090598969,8.893286824328495,8.797764720501512,8.708041446753635
2020-06-04,8.941175455401911,8.89309798105593,8.841815126118505,8.785006809706514,8.705168594467667,8.608000741211029,8.516628196972663
2020-06-05,8.754088153845384,8.698789005782597,8.643348938906975,8.582734477791195,8.498577920776597,8.394748787259376,8.303034142238134
2020-06-06,8.568041384264507,8.50702058518496,8.446809100345481,8.382061524372519,8.293757218619461,8.185855132945758,8.091175673083905
2020-06-07,8.382309235656386,8.316376681406659,8.251878456682316,8.183344855052674,8.091308206535416,7.9798014218916435,7.881990268271926
2020-06-08,8.198052516368476,8.127700947546726,8.05909560746999,7.986938822940414,7.891401885651716,7.7765806037782905,7.675832509604173
2020-06-09,8.013440592355114,7.9391003711233665,7.866946687102668,7.791582713298388,7.692816010160579,7.574793284658141,7.471227543892669
2020-06-10,7.829463113976176,7.7515885878226936,7.6762523936116365,7.598045421738825,7.496464865948076,7.375746142754526,7.269822778545188
2020-06-11,7.644588977297662,7.563118122261665,7.4848263716580865,7.404080792667089,7.299962169528879,7.176698448006671,7.068479632051975
2020-06-12,7.4599173249259705,7.374664566891284,7.293078558763046,7.209432112742011,7.102293634646242,6.975937362816186,6.86504575054929
2020-06-13,7.276945223695709,7.188495283968293,7.1039175286162175,7.017638676575591,6.9080141533271675,6.7792585428630465,6.666177997733498
2020-06-14,7.093891594850456,7.002721255249755,6.915563284836331,6.826890398027083,6.714777069647988,6.583577999516272,6.468322904763229
2020-06-15,6.910798954899265,6.816974452207442,6.727438319930656,6.636581235907013,6.5222201111836196,6.388791978943405,6.271604927477451
2020-06-16,6.728415623293408,6.632406761993538,6.540851429552399,6.448151171809575,6.3319313170043685,6.19665270964773,6.077771970100283
2020-06-17,6.546623834162992,6.448921645534809,6.355720527233942,6.261468953355356,6.143675827191014,6.006882282441696,5.88662179578216
2020-06-18,6.364274133812056,6.264833028420817,6.170122582582079,6.074589545696572,5.955486395063812,5.817393136703417,5.695960968936288
2020-06-19,6.185157273125262,6.1001260972452425,6.019272401537681,5.925434384280698,5.806910341140966,5.67137210759551,5.537867497394657
2020-06-20,6.009147420718626,5.93000278311631,5.854644762843505,5.765055605547848,5.6490943028959615,5.514327160831183,5.379559796508217
2020-06-21,5.832277204623176,5.756600101291072,5.684441689182089,5.597939474906366,5.484411955451339,5.3510852140609995,5.21725459569919
2020-06-22,5.654674045066734,5.5814444806734285,5.511524141664167,5.427322775490453,5.315991564855943,5.184538457479287,5.052485035114426
2020-06-23,5.475978523280735,5.404397947939969,5.336058240721983,5.253669529906182,5.144297672188981,5.014660375003711,4.88436919361284
2020-06-24,5.296966797107181,5.226719684451068,5.159596593095,5.0785466551694665,4.970618400566301,4.842432958553833,4.713628640721636
2020-06-25,5.117897873299434,5.048826156461217,4.982832199240311,4.903025731154707,4.7964800828223275,4.669743349181277,4.542441160628078
2020-06-26,4.937973024669459,4.869538125009255,4.804235778052613,4.725321265535322,4.619866117772708,4.494372253789787,4.368420532454226
2020-06-27,4.758612378281378,4.6908484808106214,4.626105498335444,4.547794573202686,4.443040026273714,4.318208437843572,4.192894786191166
2020-06-28,4.579017687964057,4.511953345761667,4.4478131095245255,4.370142571321852,4.266057017452432,4.141899084489297,4.017257727375246
2020-06-29,4.398734856858337,4.3320115959436265,4.268257917580461,4.191023915572318,4.087386321035538,3.963698731601136,3.839604951153253
2020-06-30,4.217655812208868,4.150733387415022,4.08698044346176,4.009906879219998,3.9064928799547998,3.7829770832422445,3.6591212485840376
2020-07-01,4.037506092448445,3.9706700700886506,3.906931535932224,3.8298204206244786,3.7264329087867964,3.603089908280871,3.4794513404354777
2020-07-02,3.8569455396946797,3.7901075330033374,3.726447679264928,3.64948148370578,3.5462706808204048,3.4230933024605585,3.2995690844912975
2020-07-03,3.6759628731437397,3.603335279803379,3.528165185178445,3.4427251987532252,3.330661323619493,3.2002123023719413,3.075438909917558
2020-07-04,3.491482483926144,3.4133448044400785,3.3312023972562126,3.238575339094626,3.1193841924292673,2.983003824586606,2.853471438952745
2020-07-05,3.3051847372306926,3.2218115316064746,3.134153705840295,3.0359154372987627,2.911135571701212,2.7698480315786487,2.635800366053968
2020-07-06,3.1183120360793897,3.0291232911563193,2.935797138185502,2.8319576475440993,2.7017221426500364,2.555221414991169,2.416362611179156
2020-07-07,2.93223747625749,2.8376295851996134,2.7387106690374745,2.6292409630345452,2.4931325350281504,2.340963841328037,2.1967010713521997
2020-07-08,2.7458659381073143,2.645880418604166,2.5416088478988392,2.4267554171966252,2.2851248594579747,2.1276649867116,1.9783699421781296
2020-07-09,2.5607090221228486,2.4563009432139293,2.347483862156433,2.2280160890455845,2.081660736856111,1.9196674982017854,1.7657538590129043
2020-07-10,2.375590240714628,2.2665343069081545,2.1529475536693057,2.0288237446081703,1.8778259442644947,1.7115018749255575,1.5536066334034349
2020-07-11,2.1907972249548933,2.077768708194586,1.9601966774948243,1.8320623064563486,1.6771553852788008,1.5071173836860747,1.3455216081409547
2020-07-12,2.006966181598659,1.890163928556067,1.768609940499471,1.6363431278601777,1.4771591838087792,1.303008968728819,1.1374505519505613
2020-07-13,1.82375665752166,1.7038726664541894,1.5790184334336692,1.4432725747692945,1.2804924984626098,1.102867953118888,0.9338442961965868
2020-07-14,1.6404230497690482,1.5177357112810865,1.3899066332778625,1.2510831388994976,1.0851104260739302,0.9045784926691355,0.7328266717589687
2020-07-15,1.4581076661489438,1.3331178499071867,1.2027060245938979,1.0611757409329503,0.892515935959429,0.7094140428861408,0.5350632564694504
2020-07-16,1.2750258272976938,1.1477011975906017,1.0149533294049908,0.8711147232470295,0.7001100963367657,0.5147216475296077,0.33812254454443846
2020-07-17,1.0880752371295292,0.9633569702571929,0.8431456938629054,0.7150130246771147,0.558186152118454,0.3841317408437628,0.21209552092815187
2020-07-18,0.9084383311749702,0.7872256617138748,0.6727112022178209,0.5520868100959404,0.40398409025824983,0.23821608660858043,0.073797594223743
2020-07-19,0.7298541135243536,0.6115804419141933,0.5007682458225421,0.38477817193146785,0.24240102029671176,0.0825358911450152,0.0
2020-07-20,0.5524649288402733,0.43802157116121937,0.331814258432062,0.2219639824927773,0.08981623016758088,0.0,0.0
2020-07-21,0.3777752565475521,0.2692685059410918,0.16998477822099975,0.07015634371265261,0.0,0.0,0.0
2020-07-22,0.20465132436576533,0.10487747867429538,0.016453595002009807,0.0,0.0,0.0,0.0
2020-07-23,0.03742255528304144,0.0,0.0,0.0,0.0,0.0,0.0
2020-07-24,0.0,0.0,0.0,0.0,0.0,0.0,0.0
2020-07-25,0.0,0.0,0.0,0.0,0.0,0.0,0.0
2020-07-26,0.0,0.0,0.0,0.0,0.0,0.0,0.0
2020-07-27,0.0,0.0,0.0,0.0,0.0,0.0,0.0
2020-07-28,0.0,0.0,0.0,0.0,0.0,0.0,0.0
2020-07-29,0.0,0.0,0.0,0.0,0.0,0.0,0.0
2020-07-30,0.0,0.0,0.0,0.0,0.0,0.0,0.0
2020-07-31,0.0,0.0,0.0,0.0,0.0,0.0,0.0
2020-08-01,0.0,0.0,0.0,0.0,0.0,0.0,0.0
2020-08-02,0.0,0.0,0.0,0.0,0.0,0.0,0.0
2020-08-03,0.0,0.0,0.0,0.0,0.0,0.0,0.0
2020-08-04,0.0,0.0,0.0,0.0,0.0,0.0,0.0
2020-08-05,0.0,0.0,0.0,0.0,0.0,0.0,0.0
2020-08-06,0.0,0.0,0.0,0.0,0.0,0.0,0.0
2020-08-07,0.0,0.0,0.0,0.0,0.0,0.0,0.0
2020-08-08,0.0,0.0,0.0,0.0,0.0,0.0,0.0
2020-08-09,0.0,0.0,0.0,0.0,0.0,0.0,0.0
2020-08-10,0.0,0.0,0.0,0.0,0.0,0.0,0.0
2020-08-11,0.0,0.0,0.0,0.0,0.0,0.0,0.0
2020-08-12,0.0,0.0,0.0,0.0,0.0,0.0,0.0
2020-08-13,0.0,0.0,0.0,0.0,0.0,0.0,0.0
2020-08-14,0.0,0.0,0.0,0.0,0.0,0.0,0.0
2020-08-15,0.0,0.0,0.0,0.0,0.0,0.0,0.0
2020-08-16,0.0,0.0,0.0,0.0,0.0,0.0,0.0
2020-08-17,0.0,0.0,0.0,0.0,0.0,0.0,0.0
2020-08-18,0.0,0.0,0.0,0.0,0.0,0.0,0.0
2020-08-19,0.0,0.0,0.0,0.0,0.0,0.0,0.0
2020-08-20,0.0,0.0,0.0,0.0,0.0,0.0,0.0
2020-08-21,0.0,0.0,0.0,0.0,0.0,0.0,0.0
2020-08-22,0.0,0.0,0.0,0.0,0.0,0.0,0.0
2020-08-23,0.0,0.0,0.0,0.0,0.0,0.0,0.0
2020-08-24,0.0,0.0,0.0,0.0,0.0,0.0,0.0
2020-08-25,0.0,0.0,0.0,0.0,0.0,0.0,0.0
2020-08-26,0.0,0.0,0.0,0.0,0.0,0.0,0.0
2020-08-27,0.0,0.0,0.0,0.0,0.0,0.0,0.0
2020-08-28,0.0,0.0,0.0,0.0,0.0,0.0,0.0
2020-08-29,0.0,0.0,0.0,0.0,0.0,0.0,0.0
2020-08-30,0.0,0.0,0.0,0.0,0.0,0.0,0.0
2020-08-31,0.0,0.0,0.0,0.0,0.0,0.0,0.0
2020-09-01,0.0,0.0,0.0,0.0,0.0,0.0,0.0
2020-09-02,0.0,0.0,0.0,0.0,0.0,0.0,0.0
2020-09-03,0.0,0.0,0.0,0.0,0.0,0.0,0.0
2020-09-04,NaN,NaN,NaN,NaN,NaN,NaN,NaN
2020-09-05,NaN,NaN,NaN,NaN,NaN,NaN,NaN
2020-09-06,NaN,NaN,NaN,NaN,NaN,NaN,NaN
2020-09-07,NaN,NaN,NaN,NaN,NaN,NaN,NaN
2020-09-08,NaN,NaN,NaN,NaN,NaN,NaN,NaN
2020-09-09,NaN,NaN,NaN,NaN,NaN,NaN,NaN
2020-09-10,NaN,NaN,NaN,NaN,NaN,NaN,NaN
2020-09-11,NaN,NaN,NaN,NaN,NaN,NaN,NaN
2020-09-12,NaN,NaN,NaN,NaN,NaN,NaN,NaN
2020-09-13,NaN,NaN,NaN,NaN,NaN,NaN,NaN
2020-09-14,NaN,NaN,NaN,NaN,NaN,NaN,NaN
2020-09-15,NaN,NaN,NaN,NaN,NaN,NaN,NaN
2020-09-16,NaN,NaN,NaN,NaN,NaN,NaN,NaN
2020-09-17,NaN,NaN,NaN,NaN,NaN,NaN,NaN
2020-09-18,NaN,NaN,NaN,NaN,NaN,NaN,NaN
2020-09-19,NaN,NaN,NaN,NaN,NaN,NaN,NaN
2020-09-20,NaN,NaN,NaN,NaN,NaN,NaN,NaN
2020-09-21,NaN,NaN,NaN,NaN,NaN,NaN,NaN
2020-09-22,NaN,NaN,NaN,NaN,NaN,NaN,NaN
2020-09-23,NaN,NaN,NaN,NaN,NaN,NaN,NaN
2020-09-24,NaN,NaN,NaN,NaN,NaN,NaN,NaN
2020-09-25,NaN,NaN,NaN,NaN,NaN,NaN,NaN
2020-09-26,NaN,NaN,NaN,NaN,NaN,NaN,NaN
2020-09-27,NaN,NaN,NaN,NaN,NaN,NaN,NaN
2020-09-28,NaN,NaN,NaN,NaN,NaN,NaN,NaN
2020-09-29,NaN,NaN,NaN,NaN,NaN,NaN,NaN
2020-09-30,NaN,NaN,NaN,NaN,NaN,NaN,NaN
2020-10-01,NaN,NaN,NaN,NaN,NaN,NaN,NaN
2020-10-02,NaN,NaN,NaN,NaN,NaN,NaN,NaN
2020-10-03,NaN,NaN,NaN,NaN,NaN,NaN,NaN
2020-10-04,NaN,NaN,NaN,NaN,NaN,NaN,NaN
2020-10-05,NaN,NaN,NaN,NaN,NaN,NaN,NaN
2020-10-06,NaN,NaN,NaN,NaN,NaN,NaN,NaN
2020-10-07,NaN,NaN,NaN,NaN,NaN,NaN,NaN
2020-10-08,NaN,NaN,NaN,NaN,NaN,NaN,NaN
2020-10-09,NaN,NaN,NaN,NaN,NaN,NaN,NaN
2020-10-10,NaN,NaN,NaN,NaN,NaN,NaN,NaN
2020-10-11,NaN,NaN,NaN,NaN,NaN,NaN,NaN
2020-10-12,NaN,NaN,NaN,NaN,NaN,NaN,NaN
2020-10-13,NaN,NaN,NaN,NaN,NaN,NaN,NaN
2020-10-14,NaN,NaN,NaN,NaN,NaN,NaN,NaN
2020-10-15,NaN,NaN,NaN,NaN,NaN,NaN,NaN
2020-10-16,NaN,NaN,NaN,NaN,NaN,NaN,NaN
2020-10-17,NaN,NaN,NaN,NaN,NaN,NaN,NaN
2020-10-18,NaN,NaN,NaN,NaN,NaN,NaN,NaN
2020-10-19,NaN,NaN,NaN,NaN,NaN,NaN,NaN
2020-10-20,NaN,NaN,NaN,NaN,NaN,NaN,NaN
2020-10-21,NaN,NaN,NaN,NaN,NaN,NaN,NaN
2020-10-22,NaN,NaN,NaN,NaN,NaN,NaN,NaN
2020-10-23,NaN,NaN,NaN,NaN,NaN,NaN,NaN
2020-10-24,NaN,NaN,NaN,NaN,NaN,NaN,NaN
2020-10-25,NaN,NaN,NaN,NaN,NaN,NaN,NaN
2020-10-26,NaN,NaN,NaN,NaN,NaN,NaN,NaN
2020-10-27,NaN,NaN,NaN,NaN,NaN,NaN,NaN
2020-10-28,NaN,NaN,NaN,NaN,NaN,NaN,NaN
2020-10-29,NaN,NaN,NaN,NaN,NaN,NaN,NaN
2020-10-30,NaN,NaN,NaN,NaN,NaN,NaN,NaN
2020-10-31,NaN,NaN,NaN,NaN,NaN,NaN,NaN
2020-11-01,NaN,NaN,NaN,NaN,NaN,NaN,NaN
2020-11-02,NaN,NaN,NaN,NaN,NaN,NaN,NaN
2020-11-03,NaN,NaN,NaN,NaN,NaN,NaN,NaN
2020-11-04,NaN,NaN,NaN,NaN,NaN,NaN,NaN
2020-11-05,NaN,NaN,NaN,NaN,NaN,NaN,NaN
2020-11-06,NaN,NaN,NaN,NaN,NaN,NaN,NaN
2020-11-07,NaN,NaN,NaN,NaN,NaN,NaN,NaN
2020-11-08,NaN,NaN,NaN,NaN,NaN,NaN,NaN
2020-11-09,NaN,NaN,NaN,NaN,NaN,NaN,NaN
2020-11-10,NaN,NaN,NaN,NaN,NaN,NaN,NaN
2020-11-11,NaN,NaN,NaN,NaN,NaN,NaN,NaN
2020-11-12,NaN,NaN,NaN,NaN,NaN,NaN,NaN
2021-04-01,NaN,NaN,NaN,NaN,NaN,NaN,NaN
2021-04-02,NaN,NaN,NaN,NaN,NaN,NaN,NaN
2021-04-03,NaN,NaN,NaN,NaN,NaN,NaN,NaN
2021-04-04,NaN,NaN,NaN,NaN,NaN,NaN,NaN
2021-04-05,NaN,NaN,NaN,NaN,NaN,NaN,NaN
2021-04-06,NaN,NaN,NaN,NaN,NaN,NaN,NaN
2021-04-07,NaN,NaN,NaN,NaN,NaN,NaN,NaN
2021-04-08,NaN,NaN,NaN,NaN,NaN,NaN,NaN
2021-04-09,NaN,NaN,NaN,NaN,NaN,NaN,NaN
2021-04-10,NaN,NaN,NaN,NaN,NaN,NaN,NaN
2021-04-11,NaN,NaN,NaN,NaN,NaN,NaN,NaN
2021-04-12,NaN,NaN,NaN,NaN,NaN,NaN,NaN
2021-04-13,NaN,NaN,NaN,NaN,NaN,NaN,NaN
2021-04-14,NaN,NaN,NaN,NaN,NaN,NaN,NaN
2021-04-15,NaN,NaN,NaN,NaN,NaN,NaN,NaN
2021-04-16,NaN,NaN,NaN,NaN,NaN,NaN,NaN
2021-04-17,NaN,NaN,NaN,NaN,NaN,NaN,NaN
2021-04-18,NaN,NaN,NaN,NaN,NaN,NaN,NaN
2021-04-19,NaN,NaN,NaN,NaN,NaN,NaN,NaN
2021-04-20,NaN,NaN,NaN,NaN,NaN,NaN,NaN
2021-04-21,NaN,NaN,NaN,NaN,NaN,NaN,NaN
2021-04-22,NaN,NaN,NaN,NaN,NaN,NaN,NaN
2021-04-23,NaN,NaN,NaN,NaN,NaN,NaN,NaN
2021-04-24,NaN,NaN,NaN,NaN,NaN,NaN,NaN
2021-04-25,NaN,NaN,NaN,NaN,NaN,NaN,NaN
2021-04-26,NaN,NaN,NaN,NaN,NaN,NaN,NaN
2021-04-27,NaN,NaN,NaN,NaN,NaN,NaN,NaN
2021-04-28,NaN,NaN,NaN,NaN,NaN,NaN,NaN
2021-04-29,NaN,NaN,NaN,NaN,NaN,NaN,NaN
2021-04-30,NaN,NaN,NaN,NaN,NaN,NaN,NaN
2021-05-01,NaN,NaN,NaN,NaN,NaN,NaN,NaN
2021-05-02,NaN,NaN,NaN,NaN,NaN,NaN,NaN
2021-05-03,NaN,NaN,NaN,NaN,NaN,NaN,NaN
2021-05-04,NaN,NaN,NaN,NaN,NaN,NaN,NaN
2021-05-05,NaN,NaN,NaN,NaN,NaN,NaN,NaN
2021-05-06,NaN,NaN,NaN,NaN,NaN,NaN,NaN
2021-05-07,NaN,NaN,NaN,NaN,NaN,NaN,NaN
2021-05-08,NaN,NaN,NaN,NaN,NaN,NaN,NaN
2021-05-09,NaN,NaN,NaN,NaN,NaN,NaN,NaN
2021-05-10,NaN,NaN,NaN,NaN,NaN,NaN,NaN
2021-05-11,NaN,NaN,NaN,NaN,NaN,NaN,NaN
2021-05-12,NaN,NaN,NaN,NaN,NaN,NaN,NaN
2021-05-13,12.04721507082089,12.053205591528004,12.058612695778603,12.062582766404823,12.062298789814166,12.057955222628145,12.05424142590064
2021-05-14,11.883083612167525,11.883358494578536,11.882613967448355,11.879597085267681,11.870823029765367,11.857970733590117,11.845681277225516
2021-05-15,11.719783017875088,11.715721300664939,11.710601141452681,11.70281096285327,11.688527723629647,11.670425895655308,11.652843824677626
2021-05-16,11.55895547533248,11.552570964005433,11.544930212244994,11.534250617756783,11.516552722508004,11.49517747073058,11.474228791871482
2021-05-17,11.398454838479404,11.39039117752398,11.381040835298213,11.36848160499063,11.348593981518748,11.325138559859635,11.302082308921499
2021-05-18,11.238072271624548,11.228633150662793,11.217975910031292,11.204042022673088,11.182601334127556,11.157670323413578,11.133154670737449
2021-05-19,11.07825107256413,11.067933069932982,11.056392693778328,11.041510366019526,11.018973877876427,10.993008127626528,10.967442290536704
2021-05-20,10.919221329294134,10.908455182394496,10.896385978175617,10.880875991113161,10.857608387016505,10.830936132480273,10.804631813949895
2021-05-21,10.75985646965549,10.748522503600853,10.735861051154231,10.719676825893531,10.695601413955856,10.668133693450843,10.641042298780437
2021-05-22,10.6006957300207,10.589011828242027,10.57600335736522,10.559453122905243,10.534982855898138,10.50717507416052,10.4797457721435
2021-05-23,10.441754901391299,10.429885793341752,10.416663367466912,10.3998511555745,10.375038015991331,10.346867208884946,10.319055537231334
2021-05-24,10.281960898759706,10.26943198547577,10.255694925286733,10.238461656096927,10.213271173544996,10.184816581421561,10.156786602413737
2021-05-25,10.123156009750701,10.110459112268149,10.09647849822228,10.078916901581447,10.053311531327779,10.024419280769846,9.99591394016631
2021-05-26,9.961925206259522,9.947458063715546,9.931964855979905,9.912961987828485,9.885794176189899,9.855399723885855,9.825533279410223
2021-05-27,9.789093554532986,9.766848006213367,9.744193191921749,9.719025390490266,9.683536707519892,9.629958897252031,9.587979535641402
2021-05-28,9.623767484110331,9.594337557718191,9.563969164403561,9.531257688321913,9.487256865279864,9.420809506497887,9.367852396399897
2021-05-29,9.458017184428039,9.421984317799495,9.38475583239183,9.345492457161749,9.294508794423384,9.218836445971327,9.157846888632422
2021-05-30,9.292419173358175,9.25025095724868,9.206922208843451,9.161969140336641,9.105414332685399,9.02266898107759,8.955582520702004
2021-05-31,9.1270605218814,9.078502742203952,9.028806790027089,8.978088812295333,8.91591314450959,8.826359880983873,8.753714479768801
2021-06-01,8.96237582159786,8.90840987864298,8.85329983003737,8.797679241644355,8.730879169179017,8.635758675256014,8.5583345964269
2021-06-02,8.798229110038225,8.738979372708034,8.678565111964835,8.61814609794513,8.546778085524044,8.446129331167546,8.364144259040081
2021-06-03,8.63515480543307,8.571565228811073,8.506713984954983,8.442298168038446,8.367179267475635,8.262095073894601,8.176327857455128
2021-06-04,8.47231510689238,8.404801198097477,8.336061535477688,8.268186005882988,8.189901419352482,8.081131057249653,7.992243401010834
2021-06-05,8.310456659991106,8.239797234588018,8.167830651203175,8.097061615436184,8.01609308444293,7.904138725384552,7.81258135363885
2021-06-06,8.148531228744165,8.075002196305222,8.000196446003937,7.926848565024242,7.843472103404783,7.7286746561436965,7.634760040850694
2021-06-07,7.987238464266729,7.911287709504975,7.834051228244077,7.75857823124726,7.673254639978326,7.556126789987386,7.4602242595753445
2021-06-08,7.825968015093197,7.747821750434707,7.668424939539517,7.591050672508962,7.504002724154459,7.384892695018804,7.287397392696302
2021-06-09,7.665708828028841,7.585899498870954,7.504758064337892,7.425791034629987,7.337255167994604,7.216454121970856,7.117469618575118
2021-06-10,7.514867791432561,7.4339962508490185,7.354280426774578,7.271232922970157,7.173639953786842,7.048714573232649,6.942455766626762
2021-06-11,7.359185846230718,7.279401219519805,7.199664191159291,7.114670523094516,7.013008727416048,6.883106914761068,6.771889150950747
2021-06-12,7.201437203113874,7.122117636660003,7.042193026377703,6.956137821679978,6.852291386994857,6.71914891840348,6.604786979304546
2021-06-13,7.042873835810244,6.963539765919802,6.883287393058441,6.7964889286660055,6.69129169179542,6.556097602316108,6.439746742444773
2021-06-14,6.883182687405404,6.803215974532919,6.7223804643035505,6.634866222766889,6.528624185340499,6.391983385773188,6.274314461550138
2021-06-15,6.722170536173313,6.640934457382642,6.559195283061267,6.470897163569936,6.363752401604537,6.225937233393512,6.107247314084247
2021-06-16,6.56072909068543,6.4773636307520865,6.393960109508953,6.3042725349851025,6.195695337222631,6.056144132120157,5.936052591885773
2021-06-17,6.3998395896950875,6.314671796754634,6.2296508694666155,6.1384067976105365,6.028262805821585,5.886884888236172,5.765260589016138
2021-06-18,6.23764711271768,6.149977417290094,6.062933640356531,5.97002751256425,5.858341389373507,5.715410612681967,5.5925665945203775
2021-06-19,6.077111265937668,5.987179374550361,5.897883083693826,5.802748686855313,5.688881274130713,5.543511966981728,5.4186061201887
2021-06-20,5.915611808626352,5.823209911850932,5.731660185639798,5.6343908011901345,5.518292105126088,5.370294576542364,5.243113199252896
2021-06-21,5.755172521984857,5.660887010872541,5.567454894434101,5.468304117933361,5.350348164920686,5.200172638822337,5.070973590249985
2021-06-22,5.594044672244978,5.497545937434715,5.402105666641367,5.301029475976435,5.181124333340392,5.02890093808022,4.898049392927824
2021-06-23,5.434085621136944,5.3360801727016876,5.239020086711528,5.136287451191609,5.014638299795174,4.860281414070352,4.727469660004347
2021-06-24,5.256111696685608,5.153192414174916,5.052811045705824,4.945700955223798,4.805571048844585,4.6215672000953205,4.467197989855679
2021-06-25,5.083793186389385,4.973085944417782,4.866599799748386,4.75230349002734,4.597906753727578,4.392529523921415,4.218297061661856
2021-06-26,4.917019714971941,4.798163403128986,4.683550599836937,4.560016795602525,4.392281453608729,4.168410339306829,3.976506199965719
2021-06-27,4.7500967589788265,4.623115856554662,4.500253713741461,4.3675240401285,4.187628899727459,3.947848242650043,3.740616771794502
2021-06-28,4.582872151942674,4.447919747297873,4.317161703726344,4.175935249934826,3.9852937703930467,3.7318991534078574,3.5115894932765803
2021-06-29,4.417009355617267,4.274351459507562,4.135611303071889,3.985817410922983,3.7847423475545825,3.5184252710823922,3.286045309938245
2021-06-30,4.250552920818914,4.10043713055813,3.954137145059791,3.796269498197348,3.5856972766566697,3.3080795874946585,3.0649113902119627
2021-07-01,4.085058740233623,3.928016654062324,3.774626232385446,3.6091275250095074,3.3894281837564497,3.100649280828535,2.8469806931062553
2021-07-02,3.918668119821053,3.7544312769911037,3.5939076828918846,3.4209782274281038,3.192465219468845,2.893068594929888,2.6296808413536765
2021-07-03,3.753580085209544,3.5824276218941065,3.4148372256965343,3.234631424005238,2.9978673095823467,2.6888966748265557,2.416739647224598
2021-07-04,3.5886337757404894,3.4112387899161853,3.237373459277422,3.0506852050009825,2.8066122771847355,2.4891558729396914,2.2090154172615253
2021-07-05,3.4250672202189123,3.241992558169313,3.0621479900609874,2.8692390122674167,2.6182737129725027,2.292915004665241,2.0052551925358486
2021-07-06,3.2609463260297153,3.072493565769662,2.887138121809624,2.6885034375736767,2.4310800423718715,2.098368827491266,1.8039936213422196
2021-07-07,3.096888392677571,2.9032598238801675,2.712714588637843,2.5086488433740226,2.245017863283267,1.9051155273862366,1.6041631641962717
2021-07-08,2.9279785772347107,2.7108131340737507,2.515584304720075,2.3094116066739243,2.045688418816408,1.6950979100526786,1.363493971455044
2021-07-09,2.756554947040753,2.5231952964721627,2.3200817957545654,2.109526218801324,1.8416463531382836,1.4793696761711996,1.127188364646037
2021-07-10,2.585990583954219,2.3391177503267357,2.1271778123442027,1.910576450098857,1.636605015689644,1.263336640330516,0.8961473334040536
2021-07-11,2.417227755387358,2.1583201757993837,1.9370874327045684,1.7128827103345827,1.4313685405563767,1.0472864431164675,0.6669394229450781
2021-07-12,2.2473305566110606,1.9766779809907429,1.7461909377035998,1.5141045371953368,1.224554557146276,0.8298558002457604,0.4380436042692918
2021-07-13,2.077682154631699,1.7959631823655802,1.5568876743980034,1.3172010046789047,1.019976070410064,0.6156755909450876,0.2132914467938021
2021-07-14,1.9101306439719092,1.6177891723898947,1.3697134926734171,1.1219839727756618,0.8168856165817373,0.40347435271450127,0.0
2021-07-15,1.7442753667981639,1.4422810147610565,1.185745955182131,0.9304162671345912,0.6179538428131819,0.19715070060419027,0.0
2021-07-16,1.5771222658026802,1.2661214130263803,1.0024996885386595,0.7426900657221637,0.43369433262743373,0.04689257269741161,0.0
2021-07-17,1.4120332339547044,1.0935941863997525,0.8249525692965181,0.5644989420600661,0.26720003193610564,0.0,0.0
2021-07-18,1.2482101182827965,0.9242440633583845,0.6531796182597671,0.39665760453901505,0.12116918836903734,0.0,0.0
2021-07-19,1.0851023481327673,0.7579742561178289,0.48746973124647774,0.23929337138697593,0.0,0.0,0.0
2021-07-20,0.9232067840381041,0.594912994833291,0.3276273550599935,0.09141607328114744,0.0,0.0,0.0
2021-07-21,0.7640319930401338,0.4386921805662204,0.18083086750246288,0.0,0.0,0.0,0.0
2021-07-22,0.6193583241180588,0.35255233121608853,0.13328306759792025,0.0,0.0,0.0,0.0
2021-07-23,0.4858195016996282,0.25468073050375134,0.06780574097389966,0.0,0.0,0.0,0.0
2021-07-24,0.3541287365614779,0.15304488327497404,0.0,0.0,0.0,0.0,0.0
2021-07-25,0.22260711567794197,0.05045457461471842,0.0,0.0,0.0,0.0,0.0
2021-07-26,0.09492808774684679,0.0,0.0,0.0,0.0,0.0,0.0
2021-07-27,0.0,0.0,0.0,0.0,0.0,0.0,0.0
2021-07-28,0.0,0.0,0.0,0.0,0.0,0.0,0.0
2021-07-29,0.0,0.0,0.0,0.0,0.0,0.0,0.0
2021-07-30,0.0,0.0,0.0,0.0,0.0,0.0,0.0
2021-07-31,0.0,0.0,0.0,0.0,0.0,0.0,0.0
2021-08-01,0.0,0.0,0.0,0.0,0.0,0.0,0.0
2021-08-02,0.0,0.0,0.0,0.0,0.0,0.0,0.0
2021-08-03,0.0,0.0,0.0,0.0,0.0,0.0,0.0
2021-08-04,0.0,0.0,0.0,0.0,0.0,0.0,0.0
2021-08-05,0.0,0.0,0.0,0.0,0.0,0.0,0.0
2021-08-06,0.0,0.0,0.0,0.0,0.0,0.0,0.0
2021-08-07,0.0,0.0,0.0,0.0,0.0,0.0,0.0
2021-08-08,0.0,0.0,0.0,0.0,0.0,0.0,0.0
2021-08-09,0.0,0.0,0.0,0.0,0.0,0.0,0.0
2021-08-10,0.0,0.0,0.0,0.0,0.0,0.0,0.0
2021-08-11,0.0,0.0,0.0,0.0,0.0,0.0,0.0
2021-08-12,0.0,0.0,0.0,0.0,0.0,0.0,0.0
2021-08-13,0.0,0.0,0.0,0.0,0.0,0.0,0.0
2021-08-14,0.0,0.0,0.0,0.0,0.0,0.0,0.0
2021-08-15,0.0,0.0,0.0,0.0,0.0,0.0,0.0
2021-08-16,0.0,0.0,0.0,0.0,0.0,0.0,0.0
2021-08-17,0.0,0.0,0.0,0.0,0.0,0.0,0.0
2021-08-18,0.0,0.0,0.0,0.0,0.0,0.0,0.0
2021-08-19,0.0,0.0,0.0,0.0,0.0,0.0,0.0
2021-08-20,0.0,0.0,0.0,0.0,0.0,0.0,0.0
2021-08-21,0.0,0.0,0.0,0.0,0.0,0.0,0.0
2021-08-22,0.0,0.0,0.0,0.0,0.0,0.0,0.0
2021-08-23,0.0,0.0,0.0,0.0,0.0,0.0,0.0
2021-08-24,0.0,0.0,0.0,0.0,0.0,0.0,0.0
2021-08-25,0.0,0.0,0.0,0.0,0.0,0.0,0.0
2021-08-26,0.0,0.0,0.0,0.0,0.0,0.0,0.0
2021-08-27,0.0,0.0,0.0,0.0,0.0,0.0,0.0
2021-08-28,NaN,NaN,NaN,NaN,NaN,NaN,NaN
2021-08-29,NaN,NaN,NaN,NaN,NaN,NaN,NaN
2021-08-30,NaN,NaN,NaN,NaN,NaN,NaN,NaN
2021-08-31,NaN,NaN,NaN,NaN,NaN,NaN,NaN
2021-09-01,NaN,NaN,NaN,NaN,NaN,NaN,NaN
2021-09-02,NaN,NaN,NaN,NaN,NaN,NaN,NaN
2021-09-03,NaN,NaN,NaN,NaN,NaN,NaN,NaN
2021-09-04,NaN,NaN,NaN,NaN,NaN,NaN,NaN
2021-09-05,NaN,NaN,NaN,NaN,NaN,NaN,NaN
2021-09-06,NaN,NaN,NaN,NaN,NaN,NaN,NaN
2021-09-07,NaN,NaN,NaN,NaN,NaN,NaN,NaN
2021-09-08,NaN,NaN,NaN,NaN,NaN,NaN,NaN
2021-09-09,NaN,NaN,NaN,NaN,NaN,NaN,NaN
2021-09-10,NaN,NaN,NaN,NaN,NaN,NaN,NaN
2021-09-11,NaN,NaN,NaN,NaN,NaN,NaN,NaN
2021-09-12,NaN,NaN,NaN,NaN,NaN,NaN,NaN
2021-09-13,NaN,NaN,NaN,NaN,NaN,NaN,NaN
2021-09-14,NaN,NaN,NaN,NaN,NaN,NaN,NaN
2021-09-15,NaN,NaN,NaN,NaN,NaN,NaN,NaN
2021-09-16,NaN,NaN,NaN,NaN,NaN,NaN,NaN
2021-09-17,NaN,NaN,NaN,NaN,NaN,NaN,NaN
2021-09-18,NaN,NaN,NaN,NaN,NaN,NaN,NaN
2021-09-19,NaN,NaN,NaN,NaN,NaN,NaN,NaN
2021-09-20,NaN,NaN,NaN,NaN,NaN,NaN,NaN
2021-09-21,NaN,NaN,NaN,NaN,NaN,NaN,NaN
2021-09-22,NaN,NaN,NaN,NaN,NaN,NaN,NaN
2021-09-23,NaN,NaN,NaN,NaN,NaN,NaN,NaN
2021-09-24,NaN,NaN,NaN,NaN,NaN,NaN,NaN
2021-09-25,NaN,NaN,NaN,NaN,NaN,NaN,NaN
2021-09-26,NaN,NaN,NaN,NaN,NaN,NaN,NaN
2021-09-27,NaN,NaN,NaN,NaN,NaN,NaN,NaN
2021-09-28,NaN,NaN,NaN,NaN,NaN,NaN,NaN
2021-09-29,NaN,NaN,NaN,NaN,NaN,NaN,NaN
2021-09-30,NaN,NaN,NaN,NaN,NaN,NaN,NaN
2021-10-01,NaN,NaN,NaN,NaN,NaN,NaN,NaN
2021-10-02,NaN,NaN,NaN,NaN,NaN,NaN,NaN
2021-10-03,NaN,NaN,NaN,NaN,NaN,NaN,NaN
2021-10-04,NaN,NaN,NaN,NaN,NaN,NaN,NaN
2021-10-05,NaN,NaN,NaN,NaN,NaN,NaN,NaN
2021-10-06,NaN,NaN,NaN,NaN,NaN,NaN,NaN
2021-10-07,NaN,NaN,NaN,NaN,NaN,NaN,NaN
2021-10-08,NaN,NaN,NaN,NaN,NaN,NaN,NaN
2021-10-09,NaN,NaN,NaN,NaN,NaN,NaN,NaN
2021-10-10,NaN,NaN,NaN,NaN,NaN,NaN,NaN
2021-10-11,NaN,NaN,NaN,NaN,NaN,NaN,NaN
2021-10-12,NaN,NaN,NaN,NaN,NaN,NaN,NaN
2021-10-13,NaN,NaN,NaN,NaN,NaN,NaN,NaN
2021-10-14,NaN,NaN,NaN,NaN,NaN,NaN,NaN
2021-10-15,NaN,NaN,NaN,NaN,NaN,NaN,NaN
2021-10-16,NaN,NaN,NaN,NaN,NaN,NaN,NaN
2021-10-17,NaN,NaN,NaN,NaN,NaN,NaN,NaN
2021-10-18,NaN,NaN,NaN,NaN,NaN,NaN,NaN
2021-10-19,NaN,NaN,NaN,NaN,NaN,NaN,NaN
2021-10-20,NaN,NaN,NaN,NaN,NaN,NaN,NaN
2021-10-21,NaN,NaN,NaN,NaN,NaN,NaN,NaN
2021-10-22,NaN,NaN,NaN,NaN,NaN,NaN,NaN
2021-10-23,NaN,NaN,NaN,NaN,NaN,NaN,NaN
2021-10-24,NaN,NaN,NaN,NaN,NaN,NaN,NaN
2021-10-25,NaN,NaN,NaN,NaN,NaN,NaN,NaN
2021-10-26,NaN,NaN,NaN,NaN,NaN,NaN,NaN
2021-10-27,NaN,NaN,NaN,NaN,NaN,NaN,NaN
2021-10-28,NaN,NaN,NaN,NaN,NaN,NaN,NaN
2021-10-29,NaN,NaN,NaN,NaN,NaN,NaN,NaN
2021-10-30,NaN,NaN,NaN,NaN,NaN,NaN,NaN
2021-10-31,NaN,NaN,NaN,NaN,NaN,NaN,NaN
2021-11-01,NaN,NaN,NaN,NaN,NaN,NaN,NaN
2021-11-02,NaN,NaN,NaN,NaN,NaN,NaN,NaN
2021-11-03,NaN,NaN,NaN,NaN,NaN,NaN,NaN
2021-11-04,NaN,NaN,NaN,NaN,NaN,NaN,NaN
2021-11-05,NaN,NaN,NaN,NaN,NaN,NaN,NaN
2021-11-06,NaN,NaN,NaN,NaN,NaN,NaN,NaN
2021-11-07,NaN,NaN,NaN,NaN,NaN,NaN,NaN
2021-11-08,NaN,NaN,NaN,NaN,NaN,NaN,NaN
2021-11-09,NaN,NaN,NaN,NaN,NaN,NaN,NaN
2021-11-10,NaN,NaN,NaN,NaN,NaN,NaN,NaN
2021-11-11,NaN,NaN,NaN,NaN,NaN,NaN,NaN
2021-11-12,NaN,NaN,NaN,NaN,NaN,NaN,NaN
2021-11-13,NaN,NaN,NaN,NaN,NaN,NaN,NaN
2021-11-14,NaN,NaN,NaN,NaN,NaN,NaN,NaN
2021-11-15,NaN,NaN,NaN,NaN,NaN,NaN,NaN
2022-04-28,NaN,NaN,NaN,NaN,NaN,NaN,NaN
2022-04-29,NaN,NaN,NaN,NaN,NaN,NaN,NaN
2022-04-30,NaN,NaN,NaN,NaN,NaN,NaN,NaN
2022-05-01,NaN,NaN,NaN,NaN,NaN,NaN,NaN
2022-05-02,NaN,NaN,NaN,NaN,NaN,NaN,NaN
2022-05-03,NaN,NaN,NaN,NaN,NaN,NaN,NaN
2022-05-04,NaN,NaN,NaN,NaN,NaN,NaN,NaN
2022-05-05,NaN,NaN,NaN,NaN,NaN,NaN,NaN
2022-05-06,NaN,NaN,NaN,NaN,NaN,NaN,NaN
2022-05-07,NaN,NaN,NaN,NaN,NaN,NaN,NaN
2022-05-08,NaN,NaN,NaN,NaN,NaN,NaN,NaN
2022-05-09,NaN,NaN,NaN,NaN,NaN,NaN,NaN
2022-05-10,NaN,NaN,NaN,NaN,NaN,NaN,NaN
2022-05-11,NaN,NaN,NaN,NaN,NaN,NaN,NaN
2022-05-12,NaN,NaN,NaN,NaN,NaN,NaN,NaN
2022-05-13,NaN,NaN,NaN,NaN,NaN,NaN,NaN
2022-05-14,NaN,NaN,NaN,NaN,NaN,NaN,NaN
2022-05-15,NaN,NaN,NaN,NaN,NaN,NaN,NaN
2022-05-16,NaN,NaN,NaN,NaN,NaN,NaN,NaN
2022-05-17,NaN,NaN,NaN,NaN,NaN,NaN,NaN
2022-05-18,NaN,NaN,NaN,NaN,NaN,NaN,NaN
2022-05-19,NaN,NaN,NaN,NaN,NaN,NaN,NaN
2022-05-20,NaN,NaN,NaN,NaN,NaN,NaN,NaN
2022-05-21,NaN,NaN,NaN,NaN,NaN,NaN,NaN
2022-05-22,NaN,NaN,NaN,NaN,NaN,NaN,NaN
2022-05-23,10.892994307267319,10.890628690554108,10.887584165772369,10.882097189774784,10.868107033530343,10.848688437329624,10.832160770259739
2022-05-24,10.678129642205187,10.667690775410922,10.657126371065377,10.643622138089096,10.617885957894323,10.585735545364193,10.555487745428907
2022-05-25,10.46253105186198,10.443954254551267,10.426628427939495,10.406896054275297,10.373451382944799,10.333731345621239,10.295633928450068
2022-05-26,10.247699148453902,10.222091878157926,10.199165519073318,10.174522838309096,10.135385436588509,10.090248323564634,10.046542626517976
2022-05-27,10.034143402755342,10.002721342260534,9.975233090666567,9.94676668238017,9.903396489171673,9.854376227708862,9.80673512947764
2022-05-28,9.82170475284064,9.785842360716279,9.754855462736947,9.723428339345713,9.676876961185728,9.625061216027346,9.574582215828285
2022-05-29,9.610146653250888,9.57076445285226,9.537024717424266,9.50333458738315,9.454418073409668,9.400544261587392,9.34800660648198
2022-05-30,9.399415301184106,9.357335058123525,9.321431294872156,9.285904946784303,9.235013446369983,9.179371788481319,9.125058122764546
2022-05-31,9.186822958073323,9.14134252558234,9.103127170862319,9.065835225768428,9.013039100355895,8.955687342628392,8.899780136880302
2022-06-01,8.97295520087304,8.92391294170686,8.883551754085657,8.844750217628462,8.790571754008697,8.732142628369475,8.67527262353346
2022-06-02,8.762183488416223,8.709714185729519,8.666620544831291,8.625571316098258,8.568898004183723,8.508096058447455,8.448844570589797
2022-06-03,8.547415233625248,8.491743763578086,8.446810793046687,8.404442640836846,8.34642056414168,8.284354178094562,8.223841584915304
2022-06-04,8.335942082925024,8.276698717467703,8.229319727457773,8.185198481910483,8.125478060694943,8.061950868385622,8.000009814829724
2022-06-05,8.126423374957303,8.064532946533193,8.014768536096758,7.968569030237601,7.906691709022872,7.841361513808444,7.777700831203626
2022-06-06,7.911100840021423,7.852598820914043,7.799469668129353,7.740868417908386,7.662869978766629,7.565515339807149,7.4705033251192035
2022-06-07,7.6948983540138665,7.63151792449436,7.572424317708864,7.503822974562777,7.410630416512473,7.2914599811702585,7.171382792821807
2022-06-08,7.478195935998668,7.408348376289727,7.342897540021624,7.266216755976672,7.161858712096028,7.027467923941801,6.888407293905486
2022-06-09,7.263131947923388,7.186253492393152,7.113643866458317,7.028282415201963,6.9126212017269815,6.764217064561735,6.608809211365152
2022-06-10,7.050912926680663,6.967967586071788,6.888490793736355,6.794625033706062,6.668756714110334,6.508376013901275,6.338850306558859
2022-06-11,6.836226215363787,6.747009286960614,6.661131467147525,6.5596951418541645,6.424839444361579,6.253975906907579,6.072530540196131
2022-06-12,6.620424578198877,6.525180661108773,6.433663398083842,6.325739103550839,6.183324126594417,6.003827181074089,5.812248698081816
2022-06-13,6.407032459878797,6.305803909569866,6.208351884496961,6.093908030954289,5.944245594298434,5.756589666512852,5.555846829038656
2022-06-14,6.193047293337366,6.086223398032866,5.983326861526893,5.862854882368985,5.706507786665644,5.511282640431031,5.301952412773941
2022-06-15,5.9797415923298365,5.8681075993351675,5.760561482394663,5.634980857422391,5.4730140619689704,5.271679014487844,5.055302001097857
2022-06-16,5.766037422355504,5.649707399157797,5.537836516421957,5.407748093898376,5.241023631377891,5.03463517783747,4.81255708801127
2022-06-17,5.554020346086763,5.434097793563009,5.3186820342017835,5.184635809715902,5.013759361725869,4.8029334686917275,4.575731948857786
2022-06-18,5.341344307084138,5.217691782261747,5.098921131720193,4.96138692213426,4.786945327756908,4.572309123147861,4.340831610748016
2022-06-19,5.129590720495279,5.002377790476863,4.880214578629368,4.739044779467766,4.560754570625754,4.341995226627725,4.106018198416048
2022-06-20,4.928734648272795,4.7999487381789745,4.660890469018327,4.515337694679548,4.332780555561402,4.103391803435469,3.8879834068670336
2022-06-21,4.720020776146219,4.58849260896072,4.443533698667327,4.2936413780469875,4.107956272099604,3.87725100882901,3.665925473294565
2022-06-22,4.51010625270572,4.376117999431454,4.227734194380814,4.0746620601313746,3.8865012563986108,3.654377066872506,3.442787000250035
2022-06-23,4.301433948323852,4.166202029983122,4.015833684468234,3.860606755858284,3.6705689789126814,3.43719019688101,3.2246300737505127
2022-06-24,4.091396339952531,3.9545834355927982,3.8024181572030455,3.6454417340733243,3.4537315432717475,3.2188004475964562,3.0050660640349514
2022-06-25,3.8790955203091273,3.7397586336785826,3.585383315912105,3.426586716658217,3.233114489626885,2.9963234671625854,2.781037869103484
2022-06-26,3.666984484690582,3.525176147609557,3.3687873133310795,3.2084211615357012,3.013392945988098,2.7749465694839768,2.5581872459531
2022-06-27,3.457541267797548,3.313444477029136,3.1542708456934396,2.9913180440818588,2.793753103431359,2.5526143358796314,2.3334685116209117
2022-06-28,3.246544024751387,3.1003145311868994,2.938857696517918,2.7736883699413273,2.57376587200701,2.3299731116824653,2.1084557127350103
2022-06-29,3.0347117935384937,2.885782031388648,2.7217012048479603,2.5541188394353362,2.3516476837580127,2.1050835373297527,1.8810398465613336
2022-06-30,2.822809139672484,2.6709840090338344,2.5040520950532845,2.333905801476438,2.12871331446347,1.879157507929297,1.6524150585797668
2022-07-01,2.611340544003399,2.456753431138747,2.2871367574660533,2.114591311588505,1.907184134617643,1.6554899295706778,1.426798583587926
2022-07-02,2.401665053100864,2.2449907272746144,2.072830373427537,1.897908736412129,1.6882097887201888,1.4340402389688938,1.2030218513427582
2022-07-03,2.191224492414473,2.03265977042155,1.8584622852629433,1.681607160179013,1.4697922350099568,1.21316740813331,0.9797464186131603
2022-07-04,1.9513962802211833,1.7833728980144479,1.616764882777582,1.430312093867316,1.1999191906534472,0.9108663415326544,0.6653865383497124
2022-07-05,1.7222448106548052,1.5434839707626236,1.372584436474952,1.1773925828312994,0.9317854768489013,0.6214933836665789,0.3600733984247355
2022-07-06,1.4986408651222964,1.307816612528108,1.1276224463766875,0.9214586471128472,0.6613935469381486,0.332645156100023,0.05511223724388096
2022-07-07,1.2748944154440136,1.0720199680228595,0.8817277515536234,0.664656075455378,0.3916789321450167,0.047337578370965146,0.0
2022-07-08,1.0530505263768075,0.8394745389826351,0.6405500042999153,0.4172918172333833,0.14784758684683494,0.0,0.0
2022-07-09,0.8339744522376923,0.6122464488985463,0.40838544151868406,0.18774471827155373,0.0,0.0,0.0
2022-07-10,0.6179398609293781,0.39103910160749134,0.18783980668683414,0.0,0.0,0.0,0.0
2022-07-11,0.4058068392266497,0.18086067157577682,0.0,0.0,0.0,0.0,0.0
2022-07-12,0.2030499820970233,0.0,0.0,0.0,0.0,0.0,0.0
2022-07-13,0.016523107728102417,0.0,0.0,0.0,0.0,0.0,0.0
2022-07-14,0.0,0.0,0.0,0.0,0.0,0.0,0.0
2022-07-15,0.0,0.0,0.0,0.0,0.0,0.0,0.0
2022-07-16,0.0,0.0,0.0,0.0,0.0,0.0,0.0
2022-07-17,0.0,0.0,0.0,0.0,0.0,0.0,0.0
2022-07-18,0.0,0.0,0.0,0.0,0.0,0.0,0.0
2022-07-19,0.0,0.0,0.0,0.0,0.0,0.0,0.0
2022-07-20,0.0,0.0,0.0,0.0,0.0,0.0,0.0
2022-07-21,0.0,0.0,0.0,0.0,0.0,0.0,0.0
2022-07-22,0.0,0.0,0.0,0.0,0.0,0.0,0.0
2022-07-23,0.0,0.0,0.0,0.0,0.0,0.0,0.0
2022-07-24,0.0,0.0,0.0,0.0,0.0,0.0,0.0
2022-07-25,0.0,0.0,0.0,0.0,0.0,0.0,0.0
2022-07-26,0.0,0.0,0.0,0.0,0.0,0.0,0.0
2022-07-27,0.0,0.0,0.0,0.0,0.0,0.0,0.0
2022-07-28,0.0,0.0,0.0,0.0,0.0,0.0,0.0
2022-07-29,0.0,0.0,0.0,0.0,0.0,0.0,0.0
2022-07-30,0.0,0.0,0.0,0.0,0.0,0.0,0.0
2022-07-31,0.0,0.0,0.0,0.0,0.0,0.0,0.0
2022-08-01,0.0,0.0,0.0,0.0,0.0,0.0,0.0
2022-08-02,0.0,0.0,0.0,0.0,0.0,0.0,0.0
2022-08-03,0.0,0.0,0.0,0.0,0.0,0.0,0.0
2022-08-04,0.0,0.0,0.0,0.0,0.0,0.0,0.0
2022-08-05,0.0,0.0,0.0,0.0,0.0,0.0,0.0
2022-08-06,0.0,0.0,0.0,0.0,0.0,0.0,0.0
2022-08-07,0.0,0.0,0.0,0.0,0.0,0.0,0.0
2022-08-08,0.0,0.0,0.0,0.0,0.0,0.0,0.0
2022-08-09,0.0,0.0,0.0,0.0,0.0,0.0,0.0
2022-08-10,0.0,0.0,0.0,0.0,0.0,0.0,0.0
2022-08-11,0.0,0.0,0.0,0.0,0.0,0.0,0.0
2022-08-12,0.0,0.0,0.0,0.0,0.0,0.0,0.0
2022-08-13,0.0,0.0,0.0,0.0,0.0,0.0,0.0
2022-08-14,0.0,0.0,0.0,0.0,0.0,0.0,0.0
2022-08-15,0.0,0.0,0.0,0.0,0.0,0.0,0.0
2022-08-16,0.0,0.0,0.0,0.0,0.0,0.0,0.0
2022-08-17,0.0,0.0,0.0,0.0,0.0,0.0,0.0
2022-08-18,0.0,0.0,0.0,0.0,0.0,0.0,0.0
2022-08-19,0.0,0.0,0.0,0.0,0.0,0.0,0.0
2022-08-20,0.0,0.0,0.0,0.0,0.0,0.0,0.0
2022-08-21,0.0,0.0,0.0,0.0,0.0,0.0,0.0
2022-08-22,0.0,0.0,0.0,0.0,0.0,0.0,0.0
2022-08-23,0.0,0.0,0.0,0.0,0.0,0.0,0.0
2022-08-24,0.0,0.0,0.0,0.0,0.0,0.0,0.0
2022-08-25,0.0,0.0,0.0,0.0,0.0,0.0,0.0
2022-08-26,0.0,0.0,0.0,0.0,0.0,0.0,0.0
2022-08-27,0.0,0.0,0.0,0.0,0.0,0.0,0.0
2022-08-28,0.0,0.0,0.0,0.0,0.0,0.0,0.0
2022-08-29,0.0,0.0,0.0,0.0,0.0,0.0,0.0
2022-08-30,0.0,0.0,0.0,0.0,0.0,0.0,0.0
2022-08-31,0.0,0.0,0.0,0.0,0.0,0.0,0.0
2022-09-01,NaN,NaN,NaN,NaN,NaN,NaN,NaN
2022-09-02,NaN,NaN,NaN,NaN,NaN,NaN,NaN
2022-09-03,NaN,NaN,NaN,NaN,NaN,NaN,NaN
2022-09-04,NaN,NaN,NaN,NaN,NaN,NaN,NaN
2022-09-05,NaN,NaN,NaN,NaN,NaN,NaN,NaN
2022-09-06,NaN,NaN,NaN,NaN,NaN,NaN,NaN
2022-09-07,NaN,NaN,NaN,NaN,NaN,NaN,NaN
2022-09-08,NaN,NaN,NaN,NaN,NaN,NaN,NaN
2022-09-09,NaN,NaN,NaN,NaN,NaN,NaN,NaN
2022-09-10,NaN,NaN,NaN,NaN,NaN,NaN,NaN
2022-09-11,NaN,NaN,NaN,NaN,NaN,NaN,NaN
2022-09-12,NaN,NaN,NaN,NaN,NaN,NaN,NaN
2022-09-13,NaN,NaN,NaN,NaN,NaN,NaN,NaN
2022-09-14,NaN,NaN,NaN,NaN,NaN,NaN,NaN
2022-09-15,NaN,NaN,NaN,NaN,NaN,NaN,NaN
2022-09-16,NaN,NaN,NaN,NaN,NaN,NaN,NaN
2022-09-17,NaN,NaN,NaN,NaN,NaN,NaN,NaN
2022-09-18,NaN,NaN,NaN,NaN,NaN,NaN,NaN
2022-09-19,NaN,NaN,NaN,NaN,NaN,NaN,NaN
2022-09-20,NaN,NaN,NaN,NaN,NaN,NaN,NaN
2022-09-21,NaN,NaN,NaN,NaN,NaN,NaN,NaN
2022-09-22,NaN,NaN,NaN,NaN,NaN,NaN,NaN
2022-09-23,NaN,NaN,NaN,NaN,NaN,NaN,NaN
2022-09-24,NaN,NaN,NaN,NaN,NaN,NaN,NaN
2022-09-25,NaN,NaN,NaN,NaN,NaN,NaN,NaN
2022-09-26,NaN,NaN,NaN,NaN,NaN,NaN,NaN
2022-09-27,NaN,NaN,NaN,NaN,NaN,NaN,NaN
2022-09-28,NaN,NaN,NaN,NaN,NaN,NaN,NaN
2022-09-29,NaN,NaN,NaN,NaN,NaN,NaN,NaN
2022-09-30,NaN,NaN,NaN,NaN,NaN,NaN,NaN
2022-10-01,NaN,NaN,NaN,NaN,NaN,NaN,NaN
2022-10-02,NaN,NaN,NaN,NaN,NaN,NaN,NaN
2022-10-03,NaN,NaN,NaN,NaN,NaN,NaN,NaN
2022-10-04,NaN,NaN,NaN,NaN,NaN,NaN,NaN
2022-10-05,NaN,NaN,NaN,NaN,NaN,NaN,NaN
2022-10-06,NaN,NaN,NaN,NaN,NaN,NaN,NaN
2022-10-07,NaN,NaN,NaN,NaN,NaN,NaN,NaN
2022-10-08,NaN,NaN,NaN,NaN,NaN,NaN,NaN
2022-10-09,NaN,NaN,NaN,NaN,NaN,NaN,NaN
2022-10-10,NaN,NaN,NaN,NaN,NaN,NaN,NaN
2022-10-11,NaN,NaN,NaN,NaN,NaN,NaN,NaN
2022-10-12,NaN,NaN,NaN,NaN,NaN,NaN,NaN
2022-10-13,NaN,NaN,NaN,NaN,NaN,NaN,NaN
2022-10-14,NaN,NaN,NaN,NaN,NaN,NaN,NaN
2022-10-15,NaN,NaN,NaN,NaN,NaN,NaN,NaN
2022-10-16,NaN,NaN,NaN,NaN,NaN,NaN,NaN
2022-10-17,NaN,NaN,NaN,NaN,NaN,NaN,NaN
2022-10-18,NaN,NaN,NaN,NaN,NaN,NaN,NaN
2022-10-19,NaN,NaN,NaN,NaN,NaN,NaN,NaN
2022-10-20,NaN,NaN,NaN,NaN,NaN,NaN,NaN
2022-10-21,NaN,NaN,NaN,NaN,NaN,NaN,NaN
2022-10-22,NaN,NaN,NaN,NaN,NaN,NaN,NaN
2022-10-23,NaN,NaN,NaN,NaN,NaN,NaN,NaN
2022-10-24,NaN,NaN,NaN,NaN,NaN,NaN,NaN
2022-10-25,NaN,NaN,NaN,NaN,NaN,NaN,NaN
2022-10-26,NaN,NaN,NaN,NaN,NaN,NaN,NaN
2022-10-27,NaN,NaN,NaN,NaN,NaN,NaN,NaN
2022-10-28,NaN,NaN,NaN,NaN,NaN,NaN,NaN
2022-10-29,NaN,NaN,NaN,NaN,NaN,NaN,NaN
2022-10-30,NaN,NaN,NaN,NaN,NaN,NaN,NaN
2022-10-31,NaN,NaN,NaN,NaN,NaN,NaN,NaN
2022-11-01,NaN,NaN,NaN,NaN,NaN,NaN,NaN
2022-11-02,NaN,NaN,NaN,NaN,NaN,NaN,NaN
2022-11-03,NaN,NaN,NaN,NaN,NaN,NaN,NaN
2022-11-04,NaN,NaN,NaN,NaN,NaN,NaN,NaN
2022-11-05,NaN,NaN,NaN,NaN,NaN,NaN,NaN
2022-11-06,NaN,NaN,NaN,NaN,NaN,NaN,NaN
2022-11-07,NaN,NaN,NaN,NaN,NaN,NaN,NaN
